scene,depth,max_level
screen-defaults,0,245
screen-defaults,1,243
screen-defaults,2,237
screen-defaults,3,220
screen-defaults,4,190
screen-defaults,5,162
screen-defaults,6,149
screen-defaults,7,142
screen-defaults,8,138
screen-defaults,9,134
screen-defaults,10,130
screen-defaults,11,128
screen-defaults,12,125
screen-defaults,13,123
screen-defaults,14,121
screen-defaults,15,119
screen-defaults,16,117
screen-defaults,17,115
screen-defaults,18,114
screen-defaults,19,113
screen-defaults,20,111
screen-defaults,21,110
screen-defaults,22,109
screen-defaults,23,108
screen-defaults,24,106
screen-defaults,25,105
screen-defaults,26,104
screen-defaults,27,103
screen-defaults,28,102
screen-defaults,29,101
screen-defaults,30,100
screen-defaults,31,99
screen-defaults,32,98
screen-defaults,33,97
screen-defaults,34,96
screen-defaults,35,95
screen-defaults,36,94
screen-defaults,37,94
screen-defaults,38,92
screen-defaults,39,92
screen-defaults,40,91
screen-defaults,41,90
screen-defaults,42,89
screen-defaults,43,88
screen-defaults,44,87
screen-defaults,45,85
screen-defaults,46,84
screen-defaults,47,83
screen-defaults,48,82
screen-defaults,49,81
screen-defaults,50,80
screen-defaults,51,79
screen-defaults,52,78
screen-defaults,53,77
screen-defaults,54,76
screen-defaults,55,75
screen-defaults,56,74
screen-defaults,57,73
screen-defaults,58,72
screen-defaults,59,71
screen-defaults,60,70
screen-defaults,61,70
screen-defaults,62,69
screen-defaults,63,68
screen-defaults,64,67
screen-defaults,65,66
screen-defaults,66,66
screen-defaults,67,65
screen-defaults,68,64
screen-defaults,69,64
screen-defaults,70,63
screen-defaults,71,62
screen-defaults,72,62
screen-defaults,73,61
screen-defaults,74,60
screen-defaults,75,60
screen-defaults,76,59
screen-defaults,77,58
screen-defaults,78,58
screen-defaults,79,57
screen-defaults,80,57
screen-defaults,81,56
screen-defaults,82,55
screen-defaults,83,55
screen-defaults,84,54
screen-defaults,85,54
screen-defaults,86,53
screen-defaults,87,53
screen-defaults,88,52
screen-defaults,89,52
screen-defaults,90,51
screen-defaults,91,51
screen-defaults,92,50
screen-defaults,93,50
screen-defaults,94,49
screen-defaults,95,49
screen-defaults,96,48
screen-defaults,97,48
screen-defaults,98,47
screen-defaults,99,47
screen-defaults,100,46
screen-defaults,101,46
screen-defaults,102,45
screen-defaults,103,45
screen-defaults,104,44
screen-defaults,105,44
screen-defaults,106,44
screen-defaults,107,43
screen-defaults,108,43
screen-defaults,109,42
screen-defaults,110,42
screen-defaults,111,41
screen-defaults,112,41
screen-defaults,113,41
screen-defaults,114,40
screen-defaults,115,40
screen-defaults,116,39
screen-defaults,117,39
screen-defaults,118,39
screen-defaults,119,38
screen-defaults,120,38
screen-defaults,121,38
screen-defaults,122,37
screen-defaults,123,37
screen-defaults,124,36
screen-defaults,125,36
screen-defaults,126,36
screen-defaults,127,35
screen-defaults,128,35
screen-defaults,129,35
screen-defaults,130,34
screen-defaults,131,34
screen-defaults,132,34
screen-defaults,133,33
screen-defaults,134,33
screen-defaults,135,33
screen-defaults,136,32
screen-defaults,137,32
screen-defaults,138,32
screen-defaults,139,31
screen-defaults,140,31
screen-defaults,141,31
screen-defaults,142,31
screen-defaults,143,30
screen-defaults,144,30
screen-defaults,145,30
screen-defaults,146,29
screen-defaults,147,29
screen-defaults,148,29
screen-defaults,149,28
screen-defaults,150,28
screen-defaults,151,28
screen-defaults,152,28
screen-defaults,153,27
screen-defaults,154,27
screen-defaults,155,27
screen-defaults,156,27
screen-defaults,157,26
screen-defaults,158,26
screen-defaults,159,26
screen-defaults,160,25
screen-defaults,161,25
screen-defaults,162,25
screen-defaults,163,25
screen-defaults,164,24
screen-defaults,165,24
screen-defaults,166,24
screen-defaults,167,24
screen-defaults,168,23
screen-defaults,169,23
screen-defaults,170,23
screen-defaults,171,23
screen-defaults,172,22
screen-defaults,173,22
screen-defaults,174,22
screen-defaults,175,22
screen-defaults,176,22
screen-defaults,177,21
screen-defaults,178,21
screen-defaults,179,21
screen-defaults,180,21
screen-defaults,181,20
screen-defaults,182,20
screen-defaults,183,20
screen-defaults,184,20
screen-defaults,185,20
screen-defaults,186,19
screen-defaults,187,19
screen-defaults,188,19
screen-defaults,189,19
screen-defaults,190,18
screen-defaults,191,18
screen-defaults,192,18
screen-defaults,193,18
screen-defaults,194,18
screen-defaults,195,17
screen-defaults,196,17
screen-defaults,197,17
screen-defaults,198,17
screen-defaults,199,17
screen-defaults,200,16
screen-defaults,201,16
screen-defaults,202,16
screen-defaults,203,16
screen-defaults,204,16
screen-defaults,205,15
screen-defaults,206,15
screen-defaults,207,15
screen-defaults,208,15
screen-defaults,209,15
screen-defaults,210,15
screen-defaults,211,14
screen-defaults,212,14
screen-defaults,213,14
screen-defaults,214,14
screen-defaults,215,14
screen-defaults,216,14
screen-defaults,217,13
screen-defaults,218,13
screen-defaults,219,13
screen-defaults,220,13
screen-defaults,221,13
screen-defaults,222,13
screen-defaults,223,12
screen-defaults,224,12
screen-defaults,225,12
screen-defaults,226,12
screen-defaults,227,12
screen-defaults,228,12
screen-defaults,229,11
screen-defaults,230,11
screen-defaults,231,11
screen-defaults,232,11
screen-defaults,233,11
screen-defaults,234,11
screen-defaults,235,11
screen-defaults,236,10
screen-defaults,237,10
screen-defaults,238,10
screen-defaults,239,10
screen-defaults,240,10
screen-defaults,241,10
screen-defaults,242,9
screen-defaults,243,9
screen-defaults,244,9
screen-defaults,245,9
screen-defaults,246,9
screen-defaults,247,9
screen-defaults,248,9
screen-defaults,249,8
screen-defaults,250,8
screen-defaults,251,8
screen-defaults,252,8
screen-defaults,253,8
screen-defaults,254,8
screen-defaults,255,8
screen-defaults,256,8
screen-defaults,257,7
screen-defaults,258,7
screen-defaults,259,7
screen-defaults,260,7
screen-defaults,261,7
screen-defaults,262,7
screen-defaults,263,7
screen-defaults,264,6
screen-defaults,265,6
screen-defaults,266,6
screen-defaults,267,6
screen-defaults,268,6
screen-defaults,269,6
screen-defaults,270,6
screen-defaults,271,6
screen-defaults,272,5
screen-defaults,273,5
screen-defaults,274,5
screen-defaults,275,5
screen-defaults,276,5
screen-defaults,277,5
screen-defaults,278,5
screen-defaults,279,4
screen-defaults,280,4
screen-defaults,281,4
screen-defaults,282,4
screen-defaults,283,4
screen-defaults,284,4
screen-defaults,285,4
screen-defaults,286,4
screen-defaults,287,4
screen-defaults,288,3
screen-defaults,289,3
screen-defaults,290,3
screen-defaults,291,3
screen-defaults,292,3
screen-defaults,293,3
screen-defaults,294,3
screen-defaults,295,3
screen-defaults,296,2
screen-defaults,297,2
screen-defaults,298,2
screen-defaults,299,2
screen-defaults,300,2
screen-defaults,301,2
screen-defaults,302,2
screen-defaults,303,2
screen-defaults,304,1
screen-defaults,305,1
screen-defaults,306,1
screen-defaults,307,1
screen-defaults,308,1
screen-defaults,309,1
screen-defaults,310,1
screen-defaults,311,0
screen-defaults,312,0
screen-defaults,313,0
screen-defaults,314,0
screen-defaults,315,0
screen-defaults,316,0
screen-defaults,317,0
screen-defaults,318,0
screen-defaults,319,0
screen-defaults,320,0
screen-defaults,321,0
screen-defaults,322,0
screen-defaults,323,0
screen-defaults,324,0
screen-defaults,325,0
screen-defaults,326,0
screen-defaults,327,0
screen-defaults,328,0
screen-defaults,329,0
screen-defaults,330,0
screen-defaults,331,0
screen-defaults,332,0
screen-defaults,333,0
screen-defaults,334,0
screen-defaults,335,0
screen-defaults,336,0
screen-defaults,337,0
screen-defaults,338,0
screen-defaults,339,0
screen-defaults,340,0
screen-defaults,341,0
screen-defaults,342,0
screen-defaults,343,0
screen-defaults,344,0
screen-defaults,345,0
screen-defaults,346,0
screen-defaults,347,0
screen-defaults,348,0
screen-defaults,349,0
screen-defaults,350,0
screen-defaults,351,0
screen-defaults,352,0
screen-defaults,353,0
screen-defaults,354,0
screen-defaults,355,0
screen-defaults,356,0
screen-defaults,357,0
screen-defaults,358,0
screen-defaults,359,0
screen-defaults,360,0
screen-defaults,361,0
screen-defaults,362,0
screen-defaults,363,0
screen-defaults,364,0
screen-defaults,365,0
screen-defaults,366,0
screen-defaults,367,0
screen-defaults,368,0
screen-defaults,369,0
screen-defaults,370,0
screen-defaults,371,0
screen-defaults,372,0
screen-defaults,373,0
screen-defaults,374,0
screen-defaults,375,0
screen-defaults,376,0
screen-defaults,377,0
screen-defaults,378,0
screen-defaults,379,0
screen-defaults,380,0
screen-defaults,381,0
screen-defaults,382,0
screen-defaults,383,0
screen-defaults,384,0
screen-defaults,385,0
screen-defaults,386,0
screen-defaults,387,0
screen-defaults,388,0
screen-defaults,389,0
screen-defaults,390,0
screen-defaults,391,0
screen-defaults,392,0
screen-defaults,393,0
screen-defaults,394,0
screen-defaults,395,0
screen-defaults,396,0
screen-defaults,397,0
screen-defaults,398,0
screen-defaults,399,0
screen-defaults,400,0
screen-defaults,401,0
screen-defaults,402,0
screen-defaults,403,0
screen-defaults,404,0
screen-defaults,405,0
screen-defaults,406,0
screen-defaults,407,0
screen-defaults,408,0
screen-defaults,409,0
screen-defaults,410,0
screen-defaults,411,0
screen-defaults,412,0
screen-defaults,413,0
screen-defaults,414,0
screen-defaults,415,0
screen-defaults,416,0
screen-defaults,417,0
screen-defaults,418,0
screen-defaults,419,0
screen-defaults,420,0
screen-defaults,421,0
screen-defaults,422,0
screen-defaults,423,0
screen-defaults,424,0
screen-defaults,425,0
screen-defaults,426,0
screen-defaults,427,0
screen-defaults,428,0
screen-defaults,429,0
screen-defaults,430,0
screen-defaults,431,0
screen-defaults,432,0
screen-defaults,433,0
screen-defaults,434,0
screen-defaults,435,0
screen-defaults,436,0
screen-defaults,437,0
screen-defaults,438,0
screen-defaults,439,0
screen-defaults,440,0
screen-defaults,441,0
screen-defaults,442,0
screen-defaults,443,0
screen-defaults,444,0
screen-defaults,445,0
screen-defaults,446,0
screen-defaults,447,0
screen-defaults,448,0
screen-defaults,449,0
screen-defaults,450,0
screen-defaults,451,0
screen-defaults,452,0
screen-defaults,453,0
screen-defaults,454,0
screen-defaults,455,0
screen-defaults,456,0
screen-defaults,457,0
screen-defaults,458,0
screen-defaults,459,0
screen-defaults,460,0
screen-defaults,461,0
screen-defaults,462,0
screen-defaults,463,0
screen-defaults,464,0
screen-defaults,465,0
screen-defaults,466,0
screen-defaults,467,0
screen-defaults,468,0
screen-defaults,469,0
screen-defaults,470,0
screen-defaults,471,0
screen-defaults,472,0
screen-defaults,473,0
screen-defaults,474,0
screen-defaults,475,0
screen-defaults,476,0
screen-defaults,477,0
screen-defaults,478,0
screen-defaults,479,0
screen-defaults,480,0
screen-defaults,481,0
screen-defaults,482,0
screen-defaults,483,0
screen-defaults,484,0
screen-defaults,485,0
screen-defaults,486,0
screen-defaults,487,0
screen-defaults,488,0
screen-defaults,489,0
screen-defaults,490,0
screen-defaults,491,0
screen-defaults,492,0
screen-defaults,493,0
screen-defaults,494,0
screen-defaults,495,0
screen-defaults,496,0
screen-defaults,497,0
screen-defaults,498,0
screen-defaults,499,0
screen-defaults,500,0
screen-g2,0,245
screen-g2,1,243
screen-g2,2,236
screen-g2,3,216
screen-g2,4,176
screen-g2,5,134
screen-g2,6,116
screen-g2,7,109
screen-g2,8,106
screen-g2,9,103
screen-g2,10,100
screen-g2,11,97
screen-g2,12,95
screen-g2,13,93
screen-g2,14,90
screen-g2,15,88
screen-g2,16,85
screen-g2,17,84
screen-g2,18,82
screen-g2,19,80
screen-g2,20,78
screen-g2,21,75
screen-g2,22,74
screen-g2,23,72
screen-g2,24,71
screen-g2,25,69
screen-g2,26,67
screen-g2,27,66
screen-g2,28,64
screen-g2,29,63
screen-g2,30,61
screen-g2,31,60
screen-g2,32,59
screen-g2,33,58
screen-g2,34,56
screen-g2,35,55
screen-g2,36,54
screen-g2,37,53
screen-g2,38,52
screen-g2,39,51
screen-g2,40,49
screen-g2,41,48
screen-g2,42,47
screen-g2,43,46
screen-g2,44,45
screen-g2,45,44
screen-g2,46,42
screen-g2,47,41
screen-g2,48,40
screen-g2,49,39
screen-g2,50,38
screen-g2,51,37
screen-g2,52,36
screen-g2,53,35
screen-g2,54,34
screen-g2,55,33
screen-g2,56,32
screen-g2,57,32
screen-g2,58,31
screen-g2,59,30
screen-g2,60,29
screen-g2,61,28
screen-g2,62,28
screen-g2,63,27
screen-g2,64,26
screen-g2,65,25
screen-g2,66,25
screen-g2,67,24
screen-g2,68,24
screen-g2,69,23
screen-g2,70,22
screen-g2,71,22
screen-g2,72,21
screen-g2,73,21
screen-g2,74,20
screen-g2,75,20
screen-g2,76,19
screen-g2,77,19
screen-g2,78,18
screen-g2,79,17
screen-g2,80,17
screen-g2,81,17
screen-g2,82,16
screen-g2,83,16
screen-g2,84,15
screen-g2,85,15
screen-g2,86,14
screen-g2,87,14
screen-g2,88,13
screen-g2,89,13
screen-g2,90,12
screen-g2,91,12
screen-g2,92,12
screen-g2,93,11
screen-g2,94,11
screen-g2,95,10
screen-g2,96,10
screen-g2,97,10
screen-g2,98,9
screen-g2,99,9
screen-g2,100,9
screen-g2,101,8
screen-g2,102,8
screen-g2,103,8
screen-g2,104,7
screen-g2,105,7
screen-g2,106,7
screen-g2,107,6
screen-g2,108,6
screen-g2,109,6
screen-g2,110,5
screen-g2,111,5
screen-g2,112,5
screen-g2,113,4
screen-g2,114,4
screen-g2,115,4
screen-g2,116,3
screen-g2,117,3
screen-g2,118,3
screen-g2,119,2
screen-g2,120,2
screen-g2,121,2
screen-g2,122,1
screen-g2,123,1
screen-g2,124,1
screen-g2,125,0
screen-g2,126,0
screen-g2,127,0
screen-g2,128,0
screen-g2,129,0
screen-g2,130,0
screen-g2,131,0
screen-g2,132,0
screen-g2,133,0
screen-g2,134,0
screen-g2,135,0
screen-g2,136,0
screen-g2,137,0
screen-g2,138,0
screen-g2,139,0
screen-g2,140,0
screen-g2,141,0
screen-g2,142,0
screen-g2,143,0
screen-g2,144,0
screen-g2,145,0
screen-g2,146,0
screen-g2,147,0
screen-g2,148,0
screen-g2,149,0
screen-g2,150,0
screen-g2,151,0
screen-g2,152,0
screen-g2,153,0
screen-g2,154,0
screen-g2,155,0
screen-g2,156,0
screen-g2,157,0
screen-g2,158,0
screen-g2,159,0
screen-g2,160,0
screen-g2,161,0
screen-g2,162,0
screen-g2,163,0
screen-g2,164,0
screen-g2,165,0
screen-g2,166,0
screen-g2,167,0
screen-g2,168,0
screen-g2,169,0
screen-g2,170,0
screen-g2,171,0
screen-g2,172,0
screen-g2,173,0
screen-g2,174,0
screen-g2,175,0
screen-g2,176,0
screen-g2,177,0
screen-g2,178,0
screen-g2,179,0
screen-g2,180,0
screen-g2,181,0
screen-g2,182,0
screen-g2,183,0
screen-g2,184,0
screen-g2,185,0
screen-g2,186,0
screen-g2,187,0
screen-g2,188,0
screen-g2,189,0
screen-g2,190,0
screen-g2,191,0
screen-g2,192,0
screen-g2,193,0
screen-g2,194,0
screen-g2,195,0
screen-g2,196,0
screen-g2,197,0
screen-g2,198,0
screen-g2,199,0
screen-g2,200,0
screen-g2,201,0
screen-g2,202,0
screen-g2,203,0
screen-g2,204,0
screen-g2,205,0
screen-g2,206,0
screen-g2,207,0
screen-g2,208,0
screen-g2,209,0
screen-g2,210,0
screen-g2,211,0
screen-g2,212,0
screen-g2,213,0
screen-g2,214,0
screen-g2,215,0
screen-g2,216,0
screen-g2,217,0
screen-g2,218,0
screen-g2,219,0
screen-g2,220,0
screen-g2,221,0
screen-g2,222,0
screen-g2,223,0
screen-g2,224,0
screen-g2,225,0
screen-g2,226,0
screen-g2,227,0
screen-g2,228,0
screen-g2,229,0
screen-g2,230,0
screen-g2,231,0
screen-g2,232,0
screen-g2,233,0
screen-g2,234,0
screen-g2,235,0
screen-g2,236,0
screen-g2,237,0
screen-g2,238,0
screen-g2,239,0
screen-g2,240,0
screen-g2,241,0
screen-g2,242,0
screen-g2,243,0
screen-g2,244,0
screen-g2,245,0
screen-g2,246,0
screen-g2,247,0
screen-g2,248,0
screen-g2,249,0
screen-g2,250,0
screen-g2,251,0
screen-g2,252,0
screen-g2,253,0
screen-g2,254,0
screen-g2,255,0
screen-g2,256,0
screen-g2,257,0
screen-g2,258,0
screen-g2,259,0
screen-g2,260,0
screen-g2,261,0
screen-g2,262,0
screen-g2,263,0
screen-g2,264,0
screen-g2,265,0
screen-g2,266,0
screen-g2,267,0
screen-g2,268,0
screen-g2,269,0
screen-g2,270,0
screen-g2,271,0
screen-g2,272,0
screen-g2,273,0
screen-g2,274,0
screen-g2,275,0
screen-g2,276,0
screen-g2,277,0
screen-g2,278,0
screen-g2,279,0
screen-g2,280,0
screen-g2,281,0
screen-g2,282,0
screen-g2,283,0
screen-g2,284,0
screen-g2,285,0
screen-g2,286,0
screen-g2,287,0
screen-g2,288,0
screen-g2,289,0
screen-g2,290,0
screen-g2,291,0
screen-g2,292,0
screen-g2,293,0
screen-g2,294,0
screen-g2,295,0
screen-g2,296,0
screen-g2,297,0
screen-g2,298,0
screen-g2,299,0
screen-g2,300,0
screen-g2,301,0
screen-g2,302,0
screen-g2,303,0
screen-g2,304,0
screen-g2,305,0
screen-g2,306,0
screen-g2,307,0
screen-g2,308,0
screen-g2,309,0
screen-g2,310,0
screen-g2,311,0
screen-g2,312,0
screen-g2,313,0
screen-g2,314,0
screen-g2,315,0
screen-g2,316,0
screen-g2,317,0
screen-g2,318,0
screen-g2,319,0
screen-g2,320,0
screen-g2,321,0
screen-g2,322,0
screen-g2,323,0
screen-g2,324,0
screen-g2,325,0
screen-g2,326,0
screen-g2,327,0
screen-g2,328,0
screen-g2,329,0
screen-g2,330,0
screen-g2,331,0
screen-g2,332,0
screen-g2,333,0
screen-g2,334,0
screen-g2,335,0
screen-g2,336,0
screen-g2,337,0
screen-g2,338,0
screen-g2,339,0
screen-g2,340,0
screen-g2,341,0
screen-g2,342,0
screen-g2,343,0
screen-g2,344,0
screen-g2,345,0
screen-g2,346,0
screen-g2,347,0
screen-g2,348,0
screen-g2,349,0
screen-g2,350,0
screen-g2,351,0
screen-g2,352,0
screen-g2,353,0
screen-g2,354,0
screen-g2,355,0
screen-g2,356,0
screen-g2,357,0
screen-g2,358,0
screen-g2,359,0
screen-g2,360,0
screen-g2,361,0
screen-g2,362,0
screen-g2,363,0
screen-g2,364,0
screen-g2,365,0
screen-g2,366,0
screen-g2,367,0
screen-g2,368,0
screen-g2,369,0
screen-g2,370,0
screen-g2,371,0
screen-g2,372,0
screen-g2,373,0
screen-g2,374,0
screen-g2,375,0
screen-g2,376,0
screen-g2,377,0
screen-g2,378,0
screen-g2,379,0
screen-g2,380,0
screen-g2,381,0
screen-g2,382,0
screen-g2,383,0
screen-g2,384,0
screen-g2,385,0
screen-g2,386,0
screen-g2,387,0
screen-g2,388,0
screen-g2,389,0
screen-g2,390,0
screen-g2,391,0
screen-g2,392,0
screen-g2,393,0
screen-g2,394,0
screen-g2,395,0
screen-g2,396,0
screen-g2,397,0
screen-g2,398,0
screen-g2,399,0
screen-g2,400,0
screen-g2,401,0
screen-g2,402,0
screen-g2,403,0
screen-g2,404,0
screen-g2,405,0
screen-g2,406,0
screen-g2,407,0
screen-g2,408,0
screen-g2,409,0
screen-g2,410,0
screen-g2,411,0
screen-g2,412,0
screen-g2,413,0
screen-g2,414,0
screen-g2,415,0
screen-g2,416,0
screen-g2,417,0
screen-g2,418,0
screen-g2,419,0
screen-g2,420,0
screen-g2,421,0
screen-g2,422,0
screen-g2,423,0
screen-g2,424,0
screen-g2,425,0
screen-g2,426,0
screen-g2,427,0
screen-g2,428,0
screen-g2,429,0
screen-g2,430,0
screen-g2,431,0
screen-g2,432,0
screen-g2,433,0
screen-g2,434,0
screen-g2,435,0
screen-g2,436,0
screen-g2,437,0
screen-g2,438,0
screen-g2,439,0
screen-g2,440,0
screen-g2,441,0
screen-g2,442,0
screen-g2,443,0
screen-g2,444,0
screen-g2,445,0
screen-g2,446,0
screen-g2,447,0
screen-g2,448,0
screen-g2,449,0
screen-g2,450,0
screen-g2,451,0
screen-g2,452,0
screen-g2,453,0
screen-g2,454,0
screen-g2,455,0
screen-g2,456,0
screen-g2,457,0
screen-g2,458,0
screen-g2,459,0
screen-g2,460,0
screen-g2,461,0
screen-g2,462,0
screen-g2,463,0
screen-g2,464,0
screen-g2,465,0
screen-g2,466,0
screen-g2,467,0
screen-g2,468,0
screen-g2,469,0
screen-g2,470,0
screen-g2,471,0
screen-g2,472,0
screen-g2,473,0
screen-g2,474,0
screen-g2,475,0
screen-g2,476,0
screen-g2,477,0
screen-g2,478,0
screen-g2,479,0
screen-g2,480,0
screen-g2,481,0
screen-g2,482,0
screen-g2,483,0
screen-g2,484,0
screen-g2,485,0
screen-g2,486,0
screen-g2,487,0
screen-g2,488,0
screen-g2,489,0
screen-g2,490,0
screen-g2,491,0
screen-g2,492,0
screen-g2,493,0
screen-g2,494,0
screen-g2,495,0
screen-g2,496,0
screen-g2,497,0
screen-g2,498,0
screen-g2,499,0
screen-g2,500,0
screen-bright-halo,0,252
screen-bright-halo,1,251
screen-bright-halo,2,248
screen-bright-halo,3,239
screen-bright-halo,4,211
screen-bright-halo,5,154
screen-bright-halo,6,104
screen-bright-halo,7,78
screen-bright-halo,8,68
screen-bright-halo,9,59
screen-bright-halo,10,52
screen-bright-halo,11,47
screen-bright-halo,12,42
screen-bright-halo,13,38
screen-bright-halo,14,34
screen-bright-halo,15,31
screen-bright-halo,16,28
screen-bright-halo,17,26
screen-bright-halo,18,25
screen-bright-halo,19,23
screen-bright-halo,20,21
screen-bright-halo,21,19
screen-bright-halo,22,18
screen-bright-halo,23,17
screen-bright-halo,24,16
screen-bright-halo,25,15
screen-bright-halo,26,14
screen-bright-halo,27,14
screen-bright-halo,28,13
screen-bright-halo,29,12
screen-bright-halo,30,12
screen-bright-halo,31,11
screen-bright-halo,32,11
screen-bright-halo,33,10
screen-bright-halo,34,10
screen-bright-halo,35,9
screen-bright-halo,36,9
screen-bright-halo,37,9
screen-bright-halo,38,8
screen-bright-halo,39,8
screen-bright-halo,40,7
screen-bright-halo,41,7
screen-bright-halo,42,7
screen-bright-halo,43,7
screen-bright-halo,44,6
screen-bright-halo,45,6
screen-bright-halo,46,6
screen-bright-halo,47,6
screen-bright-halo,48,5
screen-bright-halo,49,5
screen-bright-halo,50,5
screen-bright-halo,51,5
screen-bright-halo,52,5
screen-bright-halo,53,4
screen-bright-halo,54,4
screen-bright-halo,55,4
screen-bright-halo,56,4
screen-bright-halo,57,4
screen-bright-halo,58,4
screen-bright-halo,59,4
screen-bright-halo,60,3
screen-bright-halo,61,3
screen-bright-halo,62,3
screen-bright-halo,63,3
screen-bright-halo,64,3
screen-bright-halo,65,3
screen-bright-halo,66,3
screen-bright-halo,67,3
screen-bright-halo,68,3
screen-bright-halo,69,3
screen-bright-halo,70,3
screen-bright-halo,71,3
screen-bright-halo,72,3
screen-bright-halo,73,2
screen-bright-halo,74,2
screen-bright-halo,75,2
screen-bright-halo,76,2
screen-bright-halo,77,2
screen-bright-halo,78,2
screen-bright-halo,79,2
screen-bright-halo,80,2
screen-bright-halo,81,2
screen-bright-halo,82,2
screen-bright-halo,83,2
screen-bright-halo,84,2
screen-bright-halo,85,2
screen-bright-halo,86,2
screen-bright-halo,87,2
screen-bright-halo,88,2
screen-bright-halo,89,2
screen-bright-halo,90,2
screen-bright-halo,91,2
screen-bright-halo,92,2
screen-bright-halo,93,2
screen-bright-halo,94,2
screen-bright-halo,95,2
screen-bright-halo,96,2
screen-bright-halo,97,2
screen-bright-halo,98,1
screen-bright-halo,99,1
screen-bright-halo,100,1
screen-bright-halo,101,1
screen-bright-halo,102,1
screen-bright-halo,103,1
screen-bright-halo,104,1
screen-bright-halo,105,1
screen-bright-halo,106,1
screen-bright-halo,107,1
screen-bright-halo,108,1
screen-bright-halo,109,1
screen-bright-halo,110,1
screen-bright-halo,111,1
screen-bright-halo,112,1
screen-bright-halo,113,1
screen-bright-halo,114,1
screen-bright-halo,115,1
screen-bright-halo,116,1
screen-bright-halo,117,1
screen-bright-halo,118,1
screen-bright-halo,119,1
screen-bright-halo,120,1
screen-bright-halo,121,1
screen-bright-halo,122,1
screen-bright-halo,123,1
screen-bright-halo,124,1
screen-bright-halo,125,1
screen-bright-halo,126,1
screen-bright-halo,127,1
screen-bright-halo,128,1
screen-bright-halo,129,1
screen-bright-halo,130,1
screen-bright-halo,131,1
screen-bright-halo,132,1
screen-bright-halo,133,1
screen-bright-halo,134,1
screen-bright-halo,135,1
screen-bright-halo,136,1
screen-bright-halo,137,1
screen-bright-halo,138,1
screen-bright-halo,139,1
screen-bright-halo,140,1
screen-bright-halo,141,1
screen-bright-halo,142,1
screen-bright-halo,143,1
screen-bright-halo,144,1
screen-bright-halo,145,1
screen-bright-halo,146,1
screen-bright-halo,147,1
screen-bright-halo,148,1
screen-bright-halo,149,1
screen-bright-halo,150,1
screen-bright-halo,151,1
screen-bright-halo,152,1
screen-bright-halo,153,1
screen-bright-halo,154,1
screen-bright-halo,155,1
screen-bright-halo,156,1
screen-bright-halo,157,1
screen-bright-halo,158,1
screen-bright-halo,159,1
screen-bright-halo,160,1
screen-bright-halo,161,1
screen-bright-halo,162,1
screen-bright-halo,163,1
screen-bright-halo,164,1
screen-bright-halo,165,1
screen-bright-halo,166,1
screen-bright-halo,167,1
screen-bright-halo,168,1
screen-bright-halo,169,1
screen-bright-halo,170,1
screen-bright-halo,171,1
screen-bright-halo,172,1
screen-bright-halo,173,1
screen-bright-halo,174,1
screen-bright-halo,175,1
screen-bright-halo,176,1
screen-bright-halo,177,1
screen-bright-halo,178,1
screen-bright-halo,179,1
screen-bright-halo,180,1
screen-bright-halo,181,1
screen-bright-halo,182,1
screen-bright-halo,183,1
screen-bright-halo,184,0
screen-bright-halo,185,0
screen-bright-halo,186,0
screen-bright-halo,187,0
screen-bright-halo,188,0
screen-bright-halo,189,0
screen-bright-halo,190,0
screen-bright-halo,191,0
screen-bright-halo,192,0
screen-bright-halo,193,0
screen-bright-halo,194,0
screen-bright-halo,195,0
screen-bright-halo,196,0
screen-bright-halo,197,0
screen-bright-halo,198,0
screen-bright-halo,199,0
screen-bright-halo,200,0
screen-bright-halo,201,0
screen-bright-halo,202,0
screen-bright-halo,203,0
screen-bright-halo,204,0
screen-bright-halo,205,0
screen-bright-halo,206,0
screen-bright-halo,207,0
screen-bright-halo,208,0
screen-bright-halo,209,0
screen-bright-halo,210,0
screen-bright-halo,211,0
screen-bright-halo,212,0
screen-bright-halo,213,0
screen-bright-halo,214,0
screen-bright-halo,215,0
screen-bright-halo,216,0
screen-bright-halo,217,0
screen-bright-halo,218,0
screen-bright-halo,219,0
screen-bright-halo,220,0
screen-bright-halo,221,0
screen-bright-halo,222,0
screen-bright-halo,223,0
screen-bright-halo,224,0
screen-bright-halo,225,0
screen-bright-halo,226,0
screen-bright-halo,227,0
screen-bright-halo,228,0
screen-bright-halo,229,0
screen-bright-halo,230,0
screen-bright-halo,231,0
screen-bright-halo,232,0
screen-bright-halo,233,0
screen-bright-halo,234,0
screen-bright-halo,235,0
screen-bright-halo,236,0
screen-bright-halo,237,0
screen-bright-halo,238,0
screen-bright-halo,239,0
screen-bright-halo,240,0
screen-bright-halo,241,0
screen-bright-halo,242,0
screen-bright-halo,243,0
screen-bright-halo,244,0
screen-bright-halo,245,0
screen-bright-halo,246,0
screen-bright-halo,247,0
screen-bright-halo,248,0
screen-bright-halo,249,0
screen-bright-halo,250,0
screen-bright-halo,251,0
screen-bright-halo,252,0
screen-bright-halo,253,0
screen-bright-halo,254,0
screen-bright-halo,255,0
screen-bright-halo,256,0
screen-bright-halo,257,0
screen-bright-halo,258,0
screen-bright-halo,259,0
screen-bright-halo,260,0
screen-bright-halo,261,0
screen-bright-halo,262,0
screen-bright-halo,263,0
screen-bright-halo,264,0
screen-bright-halo,265,0
screen-bright-halo,266,0
screen-bright-halo,267,0
screen-bright-halo,268,0
screen-bright-halo,269,0
screen-bright-halo,270,0
screen-bright-halo,271,0
screen-bright-halo,272,0
screen-bright-halo,273,0
screen-bright-halo,274,0
screen-bright-halo,275,0
screen-bright-halo,276,0
screen-bright-halo,277,0
screen-bright-halo,278,0
screen-bright-halo,279,0
screen-bright-halo,280,0
screen-bright-halo,281,0
screen-bright-halo,282,0
screen-bright-halo,283,0
screen-bright-halo,284,0
screen-bright-halo,285,0
screen-bright-halo,286,0
screen-bright-halo,287,0
screen-bright-halo,288,0
screen-bright-halo,289,0
screen-bright-halo,290,0
screen-bright-halo,291,0
screen-bright-halo,292,0
screen-bright-halo,293,0
screen-bright-halo,294,0
screen-bright-halo,295,0
screen-bright-halo,296,0
screen-bright-halo,297,0
screen-bright-halo,298,0
screen-bright-halo,299,0
screen-bright-halo,300,0
screen-bright-halo,301,0
screen-bright-halo,302,0
screen-bright-halo,303,0
screen-bright-halo,304,0
screen-bright-halo,305,0
screen-bright-halo,306,0
screen-bright-halo,307,0
screen-bright-halo,308,0
screen-bright-halo,309,0
screen-bright-halo,310,0
screen-bright-halo,311,0
screen-bright-halo,312,0
screen-bright-halo,313,0
screen-bright-halo,314,0
screen-bright-halo,315,0
screen-bright-halo,316,0
screen-bright-halo,317,0
screen-bright-halo,318,0
screen-bright-halo,319,0
screen-bright-halo,320,0
screen-bright-halo,321,0
screen-bright-halo,322,0
screen-bright-halo,323,0
screen-bright-halo,324,0
screen-bright-halo,325,0
screen-bright-halo,326,0
screen-bright-halo,327,0
screen-bright-halo,328,0
screen-bright-halo,329,0
screen-bright-halo,330,0
screen-bright-halo,331,0
screen-bright-halo,332,0
screen-bright-halo,333,0
screen-bright-halo,334,0
screen-bright-halo,335,0
screen-bright-halo,336,0
screen-bright-halo,337,0
screen-bright-halo,338,0
screen-bright-halo,339,0
screen-bright-halo,340,0
screen-bright-halo,341,0
screen-bright-halo,342,0
screen-bright-halo,343,0
screen-bright-halo,344,0
screen-bright-halo,345,0
screen-bright-halo,346,0
screen-bright-halo,347,0
screen-bright-halo,348,0
screen-bright-halo,349,0
screen-bright-halo,350,0
screen-bright-halo,351,0
screen-bright-halo,352,0
screen-bright-halo,353,0
screen-bright-halo,354,0
screen-bright-halo,355,0
screen-bright-halo,356,0
screen-bright-halo,357,0
screen-bright-halo,358,0
screen-bright-halo,359,0
screen-bright-halo,360,0
screen-bright-halo,361,0
screen-bright-halo,362,0
screen-bright-halo,363,0
screen-bright-halo,364,0
screen-bright-halo,365,0
screen-bright-halo,366,0
screen-bright-halo,367,0
screen-bright-halo,368,0
screen-bright-halo,369,0
screen-bright-halo,370,0
screen-bright-halo,371,0
screen-bright-halo,372,0
screen-bright-halo,373,0
screen-bright-halo,374,0
screen-bright-halo,375,0
screen-bright-halo,376,0
screen-bright-halo,377,0
screen-bright-halo,378,0
screen-bright-halo,379,0
screen-bright-halo,380,0
screen-bright-halo,381,0
screen-bright-halo,382,0
screen-bright-halo,383,0
screen-bright-halo,384,0
screen-bright-halo,385,0
screen-bright-halo,386,0
screen-bright-halo,387,0
screen-bright-halo,388,0
screen-bright-halo,389,0
screen-bright-halo,390,0
screen-bright-halo,391,0
screen-bright-halo,392,0
screen-bright-halo,393,0
screen-bright-halo,394,0
screen-bright-halo,395,0
screen-bright-halo,396,0
screen-bright-halo,397,0
screen-bright-halo,398,0
screen-bright-halo,399,0
screen-bright-halo,400,0
screen-bright-halo,401,0
screen-bright-halo,402,0
screen-bright-halo,403,0
screen-bright-halo,404,0
screen-bright-halo,405,0
screen-bright-halo,406,0
screen-bright-halo,407,0
screen-bright-halo,408,0
screen-bright-halo,409,0
screen-bright-halo,410,0
screen-bright-halo,411,0
screen-bright-halo,412,0
screen-bright-halo,413,0
screen-bright-halo,414,0
screen-bright-halo,415,0
screen-bright-halo,416,0
screen-bright-halo,417,0
screen-bright-halo,418,0
screen-bright-halo,419,0
screen-bright-halo,420,0
screen-bright-halo,421,0
screen-bright-halo,422,0
screen-bright-halo,423,0
screen-bright-halo,424,0
screen-bright-halo,425,0
screen-bright-halo,426,0
screen-bright-halo,427,0
screen-bright-halo,428,0
screen-bright-halo,429,0
screen-bright-halo,430,0
screen-bright-halo,431,0
screen-bright-halo,432,0
screen-bright-halo,433,0
screen-bright-halo,434,0
screen-bright-halo,435,0
screen-bright-halo,436,0
screen-bright-halo,437,0
screen-bright-halo,438,0
screen-bright-halo,439,0
screen-bright-halo,440,0
screen-bright-halo,441,0
screen-bright-halo,442,0
screen-bright-halo,443,0
screen-bright-halo,444,0
screen-bright-halo,445,0
screen-bright-halo,446,0
screen-bright-halo,447,0
screen-bright-halo,448,0
screen-bright-halo,449,0
screen-bright-halo,450,0
screen-bright-halo,451,0
screen-bright-halo,452,0
screen-bright-halo,453,0
screen-bright-halo,454,0
screen-bright-halo,455,0
screen-bright-halo,456,0
screen-bright-halo,457,0
screen-bright-halo,458,0
screen-bright-halo,459,0
screen-bright-halo,460,0
screen-bright-halo,461,0
screen-bright-halo,462,0
screen-bright-halo,463,0
screen-bright-halo,464,0
screen-bright-halo,465,0
screen-bright-halo,466,0
screen-bright-halo,467,0
screen-bright-halo,468,0
screen-bright-halo,469,0
screen-bright-halo,470,0
screen-bright-halo,471,0
screen-bright-halo,472,0
screen-bright-halo,473,0
screen-bright-halo,474,0
screen-bright-halo,475,0
screen-bright-halo,476,0
screen-bright-halo,477,0
screen-bright-halo,478,0
screen-bright-halo,479,0
screen-bright-halo,480,0
screen-bright-halo,481,0
screen-bright-halo,482,0
screen-bright-halo,483,0
screen-bright-halo,484,0
screen-bright-halo,485,0
screen-bright-halo,486,0
screen-bright-halo,487,0
screen-bright-halo,488,0
screen-bright-halo,489,0
screen-bright-halo,490,0
screen-bright-halo,491,0
screen-bright-halo,492,0
screen-bright-halo,493,0
screen-bright-halo,494,0
screen-bright-halo,495,0
screen-bright-halo,496,0
screen-bright-halo,497,0
screen-bright-halo,498,0
screen-bright-halo,499,0
screen-bright-halo,500,0
circle,0,245
circle,1,244
circle,2,237
circle,3,220
circle,4,185
circle,5,146
circle,6,125
circle,7,117
circle,8,112
circle,9,108
circle,10,105
circle,11,102
circle,12,99
circle,13,96
circle,14,94
circle,15,92
circle,16,90
circle,17,88
circle,18,86
circle,19,84
circle,20,82
circle,21,80
circle,22,78
circle,23,77
circle,24,75
circle,25,73
circle,26,72
circle,27,70
circle,28,69
circle,29,68
circle,30,66
circle,31,65
circle,32,64
circle,33,62
circle,34,61
circle,35,60
circle,36,59
circle,37,58
circle,38,57
circle,39,56
circle,40,55
circle,41,54
circle,42,53
circle,43,52
circle,44,51
circle,45,50
circle,46,49
circle,47,48
circle,48,47
circle,49,47
circle,50,46
circle,51,45
circle,52,44
circle,53,44
circle,54,43
circle,55,42
circle,56,42
circle,57,41
circle,58,40
circle,59,40
circle,60,39
circle,61,38
circle,62,38
circle,63,37
circle,64,37
circle,65,36
circle,66,36
circle,67,35
circle,68,35
circle,69,34
circle,70,34
circle,71,33
circle,72,33
circle,73,32
circle,74,32
circle,75,31
circle,76,31
circle,77,30
circle,78,30
circle,79,30
circle,80,29
circle,81,29
circle,82,28
circle,83,28
circle,84,28
circle,85,27
circle,86,27
circle,87,27
circle,88,26
circle,89,26
circle,90,25
circle,91,25
circle,92,25
circle,93,24
circle,94,24
circle,95,24
circle,96,24
circle,97,23
circle,98,23
circle,99,23
circle,100,22
circle,101,22
circle,102,22
circle,103,21
circle,104,21
circle,105,21
circle,106,21
circle,107,20
circle,108,20
circle,109,20
circle,110,20
circle,111,19
circle,112,19
circle,113,19
circle,114,19
circle,115,18
circle,116,18
circle,117,18
circle,118,18
circle,119,17
circle,120,17
circle,121,17
circle,122,17
circle,123,17
circle,124,16
circle,125,16
circle,126,16
circle,127,16
circle,128,16
circle,129,15
circle,130,15
circle,131,15
circle,132,15
circle,133,15
circle,134,14
circle,135,14
circle,136,14
circle,137,14
circle,138,14
circle,139,13
circle,140,13
circle,141,13
circle,142,13
circle,143,13
circle,144,13
circle,145,12
circle,146,12
circle,147,12
circle,148,12
circle,149,12
circle,150,12
circle,151,11
circle,152,11
circle,153,11
circle,154,11
circle,155,11
circle,156,11
circle,157,10
circle,158,10
circle,159,10
circle,160,10
circle,161,10
circle,162,10
circle,163,10
circle,164,9
circle,165,9
circle,166,9
circle,167,9
circle,168,9
circle,169,9
circle,170,9
circle,171,8
circle,172,8
circle,173,8
circle,174,8
circle,175,8
circle,176,8
circle,177,8
circle,178,8
circle,179,7
circle,180,7
circle,181,7
circle,182,7
circle,183,7
circle,184,7
circle,185,7
circle,186,7
circle,187,6
circle,188,6
circle,189,6
circle,190,6
circle,191,6
circle,192,6
circle,193,6
circle,194,6
circle,195,6
circle,196,5
circle,197,5
circle,198,5
circle,199,5
circle,200,5
circle,201,5
circle,202,5
circle,203,5
circle,204,5
circle,205,4
circle,206,4
circle,207,4
circle,208,4
circle,209,4
circle,210,4
circle,211,4
circle,212,4
circle,213,4
circle,214,4
circle,215,3
circle,216,3
circle,217,3
circle,218,3
circle,219,3
circle,220,3
circle,221,3
circle,222,3
circle,223,3
circle,224,3
circle,225,2
circle,226,2
circle,227,2
circle,228,2
circle,229,2
circle,230,2
circle,231,2
circle,232,2
circle,233,2
circle,234,2
circle,235,1
circle,236,1
circle,237,1
circle,238,1
circle,239,1
circle,240,1
circle,241,1
circle,242,1
circle,243,1
circle,244,1
circle,245,1
circle,246,0
circle,247,0
circle,248,0
circle,249,0
circle,250,0
circle,251,0
circle,252,0
circle,253,0
circle,254,0
circle,255,0
circle,256,0
circle,257,0
circle,258,0
circle,259,0
circle,260,0
circle,261,0
circle,262,0
circle,263,0
circle,264,0
circle,265,0
circle,266,0
circle,267,0
circle,268,0
circle,269,0
circle,270,0
circle,271,0
circle,272,0
circle,273,0
circle,274,0
circle,275,0
circle,276,0
circle,277,0
circle,278,0
circle,279,0
circle,280,0
circle,281,0
circle,282,0
circle,283,0
circle,284,0
circle,285,0
circle,286,0
circle,287,0
circle,288,0
circle,289,0
circle,290,0
circle,291,0
circle,292,0
circle,293,0
circle,294,0
circle,295,0
circle,296,0
circle,297,0
circle,298,0
circle,299,0
circle,300,0
circle,301,0
circle,302,0
circle,303,0
circle,304,0
circle,305,0
circle,306,0
circle,307,0
circle,308,0
circle,309,0
circle,310,0
circle,311,0
circle,312,0
circle,313,0
circle,314,0
circle,315,0
circle,316,0
circle,317,0
circle,318,0
circle,319,0
circle,320,0
circle,321,0
circle,322,0
circle,323,0
circle,324,0
circle,325,0
circle,326,0
circle,327,0
circle,328,0
circle,329,0
circle,330,0
circle,331,0
circle,332,0
circle,333,0
circle,334,0
circle,335,0
circle,336,0
circle,337,0
circle,338,0
circle,339,0
circle,340,0
circle,341,0
circle,342,0
circle,343,0
circle,344,0
circle,345,0
circle,346,0
circle,347,0
circle,348,0
circle,349,0
circle,350,0
circle,351,0
circle,352,0
circle,353,0
circle,354,0
circle,355,0
circle,356,0
circle,357,0
circle,358,0
circle,359,0
circle,360,0
circle,361,0
circle,362,0
circle,363,0
circle,364,0
circle,365,0
circle,366,0
circle,367,0
circle,368,0
circle,369,0
circle,370,0
circle,371,0
circle,372,0
circle,373,0
circle,374,0
circle,375,0
circle,376,0
circle,377,0
circle,378,0
circle,379,0
circle,380,0
circle,381,0
circle,382,0
circle,383,0
circle,384,0
circle,385,0
circle,386,0
circle,387,0
circle,388,0
circle,389,0
circle,390,0
circle,391,0
circle,392,0
circle,393,0
circle,394,0
circle,395,0
circle,396,0
circle,397,0
circle,398,0
circle,399,0
circle,400,0
circle,401,0
circle,402,0
circle,403,0
circle,404,0
circle,405,0
circle,406,0
circle,407,0
circle,408,0
circle,409,0
circle,410,0
circle,411,0
circle,412,0
circle,413,0
circle,414,0
circle,415,0
circle,416,0
circle,417,0
circle,418,0
circle,419,0
circle,420,0
circle,421,0
circle,422,0
circle,423,0
circle,424,0
circle,425,0
circle,426,0
circle,427,0
circle,428,0
circle,429,0
circle,430,0
circle,431,0
circle,432,0
circle,433,0
circle,434,0
circle,435,0
circle,436,0
circle,437,0
circle,438,0
circle,439,0
circle,440,0
circle,441,0
circle,442,0
circle,443,0
circle,444,0
circle,445,0
circle,446,0
circle,447,0
circle,448,0
circle,449,0
circle,450,0
circle,451,0
circle,452,0
circle,453,0
circle,454,0
circle,455,0
circle,456,0
circle,457,0
circle,458,0
circle,459,0
circle,460,0
circle,461,0
circle,462,0
circle,463,0
circle,464,0
circle,465,0
circle,466,0
circle,467,0
circle,468,0
circle,469,0
circle,470,0
circle,471,0
circle,472,0
circle,473,0
circle,474,0
circle,475,0
circle,476,0
circle,477,0
circle,478,0
circle,479,0
circle,480,0
circle,481,0
circle,482,0
circle,483,0
circle,484,0
circle,485,0
circle,486,0
circle,487,0
circle,488,0
circle,489,0
circle,490,0
circle,491,0
circle,492,0
circle,493,0
circle,494,0
circle,495,0
circle,496,0
circle,497,0
circle,498,0
circle,499,0
circle,500,0
